"iteration";"Decision Tree.minimal_leaf_size";"accuracy"
3.0;13.0;0.9384615384615385
4.0;19.0;0.941025641025641
7.0;38.0;0.9384615384615385
5.0;26.0;0.9384615384615387
1.0;1.0;0.9307692307692308
2.0;7.0;0.9358974358974359
9.0;50.0;0.9384615384615385
6.0;32.0;0.9384615384615385
8.0;44.0;0.9333333333333333
